0.71148,0.88116,1.0091,1
0.074264,0.98522,1.4837,1
0.98988,0.53862,-1.025,1
0.21514,0.90002,-0.66696,1
0.064041,0.58906,-0.34691,1
0.31575,0.73253,1.8308,1
0.24825,0.99406,1.1225,1
0.036481,0.087172,-0.35708,1
0.62404,0.51586,-0.54306,1
0.29604,0.80658,-0.20154,1
0.72909,0.99392,1.4988,1
0.7775,0.36651,0.25303,1
0.79093,0.46114,-1.9514,1
0.59886,0.36734,0.15342,1
0.12912,0.080526,1.9899,1
0.28437,0.67648,-1.7356,1
0.41132,0.47641,-0.88825,1
0.84251,0.62713,0.99307,1
0.73698,0.45985,1.5841,1
0.86283,0.46354,-1.9025,1
0.85928,0.027657,1.5513,1
0.15357,0.86297,-0.18344,1
0.91741,0.76836,0.97515,1
0.077101,0.051069,-0.10024,1
0.54887,0.49923,-1.1977,1
0.55524,0.93715,1.0787,1
0.66665,0.91918,1.0123,1
0.44032,0.57191,1.4068,1
0.32083,0.31425,1.2973,1
0.51002,0.42152,0.96564,1
0.69433,0.59748,-1.4439,1
0.88265,0.15789,-0.81703,1
0.22398,0.93594,0.39179,1
0.53938,0.23783,-0.56885,1
0.73244,0.90326,-0.67158,1
0.7515,0.60494,1.8143,1
0.25329,0.8571,0.41183,1
0.071867,0.66042,-1.1681,1
0.45147,0.67049,1.2827,1
0.23015,0.91823,0.76054,1
0.64475,0.25395,0.1799,1
0.33844,0.63033,1.573,1
0.88147,0.13771,-1.6697,1
0.55325,0.20392,-1.4247,1
0.95793,0.62952,0.65292,1
0.14524,0.94919,-1.7095,1
0.48211,0.21888,-0.10767,1
0.73541,0.90124,-1.5062,1
0.25286,0.48891,0.70376,1
0.30689,0.46974,0.27283,1
0.77368,0.41287,0.026176,1
0.35084,0.75081,-1.4467,1
0.71428,0.71301,-0.18008,1
0.1771,0.89735,-0.60873,1
0.47033,0.24968,0.20156,1
0.40156,0.54674,-1.1709,1
0.6251,0.49897,-0.49182,1
0.72077,0.91193,1.3047,1
0.19526,0.72751,0.91387,1
0.5712,0.42055,-0.23812,1
0.81837,0.94419,-1.5456,1
0.72486,0.63696,1.3483,1
0.73631,0.010653,-1.7242,1
0.49623,0.67851,-0.79448,1
0.40238,0.83688,-0.76063,1
0.54118,0.94438,-0.56954,1
0.32514,0.37599,0.40615,1
0.47975,0.82016,1.0199,1
0.30994,0.19411,1.5701,1
0.32115,0.912,1.3898,1
0.59544,0.061805,-1.6978,1
0.67493,0.70771,1.3956,1
0.26899,0.28838,-0.55319,1
0.78,0.46874,-0.86335,1
0.43223,0.22051,-1.8106,1
0.13512,0.24911,-0.62986,1
0.10998,0.10355,1.713,1
0.83307,0.8903,-0.76212,1
0.55484,0.57775,1.4344,1
0.2487,0.15929,-1.1933,1
0.02355,0.82299,-1.719,1
0.61639,0.46884,0.78987,1
0.10503,0.59133,0.15527,1
0.039639,0.85504,-1.1739,1
0.6771,0.19247,0.54992,1
0.61088,0.82858,0.84659,1
0.63921,0.037557,-1.4668,1
0.82283,0.78705,-1.2333,1
0.63025,0.57364,-0.3545,1
0.65182,0.5596,-1.044,1
0.062402,0.32166,-0.43622,1
0.45038,0.87924,1.979,1
0.44286,0.35617,0.094518,1
0.74855,0.5313,-0.2885,1
0.66989,0.12257,0.24133,1
0.16066,0.086375,-1.669,1
0.95096,0.92052,-1.7098,1
0.59218,0.05607,-1.1145,1
0.58764,0.79214,-0.17573,1
0.30836,0.40406,-1.8021,1
0.96598,0.96771,0.9359,1
0.39824,0.18383,1.4803,1
0.56093,0.46998,-0.89844,1
0.76787,0.50061,1.2123,1
0.37487,0.42261,-0.64345,1
0.45332,0.70019,0.16977,1
0.62332,0.58608,1.7988,1
0.44195,0.23299,0.82787,1
0.15164,0.99967,-0.60223,1
0.60651,0.29349,0.0052169,1
0.84367,0.92712,0.3527,1
0.72598,0.25682,-0.36304,1
0.61279,0.071284,-0.52881,1
0.59239,0.7834,-1.1805,1
0.37866,0.87054,-1.3767,1
0.38349,0.52827,0.18055,1
0.025806,0.6603,-1.4705,1
0.36586,0.95482,0.77989,1
0.71955,0.72016,-1.9132,1
0.68472,0.10186,0.58385,1
0.25813,0.0065974,0.3933,1
0.69187,0.92613,0.22065,1
0.35645,0.67182,-1.2844,1
0.15945,0.67577,-0.043309,1
0.048422,0.454,1.2192,1
0.15229,0.74527,0.43966,1
0.19886,0.22584,0.93629,1
0.54222,0.94365,0.91836,1
0.93067,0.12991,1.6118,1
0.74669,0.42518,-1.2485,1
0.73334,0.17892,-1.9462,1
0.60445,0.39449,-0.18745,1
0.51516,0.52697,1.7091,1
0.0028569,0.47003,0.54219,1
0.59107,0.32646,1.9384,1
0.6512,0.53508,-0.43587,1
0.84189,0.75647,-1.3371,1
0.39058,0.85813,1.2675,1
0.9826,0.47416,0.25413,1
0.22294,0.1336,0.072758,1
0.80047,0.75497,-1.0275,1
0.23762,0.10429,-0.40248,1
0.79125,0.84916,-1.5949,1
0.34656,0.012928,1.1274,1
0.83628,0.1647,0.070043,1
0.34184,0.96032,-1.7014,1
0.49071,0.67984,1.9113,1
0.12382,0.93039,0.73691,1
0.44177,0.70375,-0.98772,1
0.89998,0.66434,-1.4064,1
0.95264,0.25646,-1.3695,1
0.25777,0.45991,0.40017,1
0.098672,0.77216,1.5574,1
0.74358,0.23689,-1.5065,1
0.051098,0.061883,0.98641,1
0.94102,0.08871,1.413,1
0.72536,0.26887,1.2176,1
0.19181,0.38004,-1.0208,1
0.76246,0.07343,1.3766,1
0.28234,0.3069,-1.8893,1
0.42419,0.068451,0.55675,1
0.085359,0.32682,-0.55107,1
0.75362,0.40772,-0.94705,1
0.36578,0.48514,0.45538,1
0.14584,0.047602,1.4007,1
0.33157,0.33904,0.99472,1
0.19159,0.17648,-1.8151,1
0.96554,0.77709,-0.5224,1
0.082358,0.95783,1.2682,1
0.80435,0.20872,-0.078476,1
0.95705,0.35736,1.7746,1
0.45997,0.29968,1.774,1
0.23636,0.0089031,0.084666,1
0.53191,0.64029,-0.0043234,1
0.53103,0.50803,-1.9835,1
0.69203,0.57252,0.51933,1
0.72625,0.6007,1.0562,1
0.15754,0.95028,-0.36593,1
0.55903,0.82618,-1.57,1
0.9789,0.71843,0.63404,1
0.99416,0.87493,-1.2567,1
0.54915,0.72189,1.321,1
0.034502,0.62916,0.2346,1
0.1242,0.79054,1.4966,1
0.52145,0.45811,-0.21431,1
0.26618,0.026774,1.5753,1
0.82635,0.45903,-1.7217,1
0.18193,0.77825,-1.3686,1
0.71575,0.33717,0.91017,1
0.29396,0.78155,1.3496,1
0.78723,0.72831,-1.5301,1
0.15474,0.59538,0.30576,1
0.0034398,0.58078,-0.8964,1
0.74914,0.1712,-1.3529,1
0.43237,0.37741,1.4339,1
0.064439,0.28402,-0.37728,1
0.52365,0.72438,0.086273,1
0.97231,0.58252,0.11054,1
0.41086,0.45279,-1.1432,1
0.37656,0.58004,-1.1849,1
0.21747,0.34396,-0.61837,1
0.21099,0.97292,1.9324,1
0.10758,0.83957,1.8262,1
0.22531,0.0017609,-1.8154,1
0.92629,0.23492,-0.6553,1
0.027357,0.36045,0.13801,1
0.56517,0.77637,-0.76523,1
0.9593,0.18239,0.31887,1
0.5919,0.10008,1.8861,1
0.25716,0.39252,-1.2097,1
0.72985,0.38558,0.94963,1
0.88846,0.36837,-0.84721,1
0.049784,0.20493,1.6526,1
0.54987,0.75038,-0.69156,1
0.088989,0.94043,-0.74279,1
0.094506,0.64543,-1.9618,1
0.7471,0.018864,0.024867,1
0.58916,0.82051,-0.20086,1
0.15802,0.027151,0.33832,1
0.30339,0.57201,-1.2399,1
0.525,0.79563,0.03818,1
0.86416,0.79832,0.090003,1
0.65211,0.63495,1.4251,1
0.47853,0.67059,-0.42697,1
0.82652,0.47571,-0.88979,1
0.27927,0.93053,-1.9728,1
0.32934,0.23498,0.77932,1
0.55538,0.31834,-1.8698,1
0.57901,0.4928,1.5796,1
0.43894,0.8072,1.9185,1
0.26701,0.78929,-1.3575,1
0.96022,0.31882,-1.0104,1
0.68168,0.96524,-1.1934,1
0.049411,0.37862,0.53202,1
0.66086,0.77688,1.4012,1
0.32601,0.54527,1.2858,1
0.75445,0.76527,0.77304,1
0.9398,0.25675,-1.5797,1
0.29211,0.6526,1.1508,1
0.12449,0.92896,-1.4762,1
0.20331,0.45743,0.19229,1
0.083915,0.13884,-0.12721,1
0.82348,0.44985,-0.33285,1
0.19024,0.68545,0.36181,1
0.050738,0.26894,-1.9136,1
0.87297,0.67097,-1.2729,1
0.19601,0.45928,-1.5998,1
0.92537,0.20836,-1.623,1
0.56681,0.091492,1.5759,1
0.26211,0.43435,0.79173,1
0.87937,0.56132,0.69368,1
0.49024,0.51969,-1.4874,1
0.80813,0.74364,0.74613,1
0.74952,0.4015,0.77508,1
0.65562,0.12201,0.38012,1
0.10177,0.98408,-0.66396,1
0.38397,0.73447,1.9174,1
0.025989,0.73273,1.5213,1
0.68683,0.0024889,0.38193,1
0.15013,0.061438,-1.9854,1
0.50983,0.32433,1.7696,1
0.85927,0.58838,-1.0894,1
0.81127,0.31112,1.4252,1
0.24973,0.87829,-1.5457,1
0.96835,0.54117,1.651,1
0.55475,0.22805,0.36437,1
0.56356,0.70235,-1.0413,1
0.24251,0.65103,0.60973,1
0.23471,0.73355,1.8607,1
0.26306,0.13817,-1.4853,1
0.24235,0.38219,0.482,1
0.39224,0.45973,1.1232,1
0.67824,0.27149,-1.6041,1
0.89786,0.39999,1.2817,1
0.032216,0.16568,-0.78873,1
0.69308,0.71928,0.71884,1
0.82924,0.43746,-0.38771,1
0.13345,0.36366,1.3925,1
0.1836,0.077669,-1.1792,1
0.98857,0.006299,-0.45213,1
0.85298,0.68297,-1.2819,1
0.00099354,0.76257,1.6353,1
0.45975,0.052492,-0.74628,1
0.27134,0.97464,-0.82853,1
0.41514,0.27593,-1.1504,1
0.41307,0.69584,-0.47345,1
0.31681,0.98293,1.3741,1
0.3242,0.11947,1.2295,1
0.23577,0.28311,-0.27243,1
0.53056,0.090945,1.1531,1
0.88954,0.17884,-1.3513,1
0.18049,0.40163,-1.6249,1
0.91233,0.48774,-1.9316,1
0.38792,0.22907,1.8562,1
0.73949,0.67317,-1.9722,1
0.30098,0.30025,1.6702,1
0.26388,0.87345,-1.4362,1
0.5519,0.36162,0.91251,1
0.79716,0.52623,-1.6404,1
0.7582,0.54111,1.5317,1
0.83245,0.25351,-1.1569,1
0.22368,0.76093,-1.0027,1
0.6568,0.94738,1.4821,1
0.71068,0.18913,-0.94925,1
0.24658,0.33845,1.424,1
0.55053,0.9848,0.81915,1
0.51124,0.30439,-1.4272,1
0.90395,0.0093121,0.10029,1
0.63468,0.71088,0.13792,1
0.54403,0.74601,-1.5067,1
0.46238,0.82053,-1.1603,1
0.4277,0.36835,0.65888,1
0.41353,0.57602,0.6734,1
0.52015,0.048688,-0.72473,1
0.99597,0.20796,-1.9591,1
0.17811,0.69414,-1.8791,1
0.023996,0.24213,-1.606,1
0.037953,0.1389,-1.7539,1
0.4038,0.072607,-1.279,1
0.61425,0.88768,1.4688,1
0.18216,0.045353,1.4361,1
0.7096,0.28702,-1.2538,1
0.53774,0.26569,0.091984,1
0.96933,0.2535,1.0324,1
0.889,0.33538,0.088261,1
0.10499,0.96283,0.17733,1
0.79739,0.38154,-1.7909,1
0.75192,0.84696,-1.3308,1
0.097346,0.51746,-0.90591,1
0.94182,0.70128,-0.10343,1
0.77244,0.51051,1.3428,1
0.8231,0.45246,-1.9733,1
0.17992,0.050883,1.56,1
0.99294,0.81932,-0.41039,1
0.35191,0.026484,0.36692,1
0.34311,0.55176,-1.3448,1
0.60162,0.64981,-1.9558,1
0.87984,0.72789,1.4818,1
0.85518,0.855,1.2501,1
0.30298,0.26373,-1.4571,1
0.56168,0.1518,-1.2765,1
0.90849,0.93886,-1.9328,1
0.53772,0.10801,1.3814,1
0.69999,0.02626,1.2586,1
0.3885,0.10006,-1.74,1
0.97752,0.36879,1.0914,1
0.45089,0.22723,1.7302,1
0.80559,0.036281,0.38002,1
0.14213,0.78096,-0.017422,1
0.43731,0.37243,-0.015941,1
0.16553,0.88591,1.0706,1
0.31977,0.34261,-0.77385,1
0.96045,0.76029,-0.41842,1
0.013638,0.039519,1.0151,1
0.18171,0.84716,0.05815,1
0.61175,0.095773,-1.9301,1
0.66929,0.4445,-1.9488,1
0.68492,0.47704,0.49264,1
0.31977,0.30337,-1.2243,1
0.61599,0.53796,-1.2826,1
0.0050464,0.79167,1.5775,1
0.63671,0.07257,-1.4074,1
0.47694,0.93533,1.9486,1
0.88929,0.39442,-0.51072,1
0.50619,0.18515,-0.73424,1
0.92181,0.76558,1.9613,1
0.56591,0.97453,-0.66891,1
0.95548,0.30075,-0.045472,1
0.38847,0.591,-0.33843,1
0.75764,0.63235,1.0059,1
0.91275,0.82357,-0.32697,1
0.27721,0.48697,1.9461,1
0.3424,0.41273,1.6807,1
0.85212,0.76665,1.2222,1
0.29698,0.99648,0.081779,1
0.44488,0.57146,-1.552,1
0.75401,0.61338,0.80542,1
0.43024,0.59634,0.63081,1
0.89483,0.050301,0.51081,1
0.272,0.41361,-0.72711,1
0.7427,0.056358,0.66249,1
0.21485,0.66223,0.49288,1
0.3152,0.53153,1.0579,1
0.050154,0.012613,0.72705,1
0.40239,0.49842,1.7372,1
0.65876,0.43588,1.2548,1
0.72717,0.34972,0.1436,1
0.32963,0.93847,0.62333,1
0.69734,0.59046,1.9754,1
0.38872,0.43286,1.6126,1
0.22603,0.38765,-0.098405,1
0.51118,0.72443,1.73,1
0.61212,0.25985,-0.72564,1
0.30061,0.58566,1.7947,1
0.25219,0.96086,-0.062329,1
0.20708,0.51468,0.89244,1
0.38958,0.61933,0.56962,1
0.62821,0.76466,0.84001,1
0.077227,0.32275,-0.99286,1
0.14012,0.40344,-0.82601,1
0.59115,0.090724,-1.4682,1
0.38399,0.25814,1.2801,1
0.17734,0.3833,0.97677,1
0.69466,0.47123,1.8654,1
0.94857,0.92806,0.64172,1
0.32229,0.87927,0.93447,1
0.47131,0.71908,-0.021074,1
0.99678,0.98946,1.1536,1
0.0097944,0.44294,-0.47111,1
0.54676,0.31221,-0.27987,1
0.69306,0.52532,0.33736,1
0.50042,0.8822,0.65536,1
0.59694,0.49281,-1.9826,1
0.0075245,0.19624,-1.9434,1
0.22474,0.30396,0.45683,1
0.096858,0.25054,1.2972,1
0.97829,0.073205,1.7936,1
0.74985,0.050807,-0.13337,1
0.90008,0.39827,-0.074008,1
0.69182,0.3223,0.47456,1
0.21575,0.81402,-0.38965,1
0.88934,0.16672,-1.4442,1
0.067716,0.17415,0.057795,1
0.97755,0.93446,-0.24549,1
0.51313,0.44254,1.2193,1
0.67071,0.07465,1.9354,1
0.23125,0.55269,0.11462,1
0.81478,0.9527,-0.94768,1
0.37715,0.84597,1.5924,1
0.36728,0.40339,0.39579,1
0.66456,0.65801,-0.69459,1
0.68996,0.80739,0.43219,1
0.83321,0.40038,1.0622,1
0.54573,0.84205,-0.5656,1
0.6951,0.10025,-0.36732,1
0.9048,0.99663,-1.2002,1
0.22127,0.98941,0.29102,1
0.70388,0.32486,0.51021,1
0.3688,0.99396,-1.5339,1
0.64394,0.7311,-1.9393,1
0.37218,0.46512,-0.43313,1
0.7855,0.53526,0.30269,1
0.78635,0.70404,0.92331,1
0.56346,0.52901,-0.19938,1
0.96359,0.98397,1.0044,1
0.049075,0.11778,-0.82038,1
0.92365,0.039086,1.3679,1
0.59234,0.38197,-0.75311,1
0.81201,0.38142,-0.68428,1
0.21556,0.63741,1.4989,1
0.39146,0.93084,-0.3405,1
0.37829,0.26646,0.45999,1
0.88115,0.14723,-0.18331,1
0.15883,0.61914,-0.52778,1
0.75936,0.27226,-0.25536,1
0.028644,0.63096,-1.6663,1
0.32612,0.83016,0.98663,1
0.14234,0.65724,-0.6082,1
0.60787,0.69025,-1.4821,1
0.54749,0.54739,-0.20173,1
0.42285,0.22522,-0.005381,1
0.70695,0.00013613,0.62222,1
0.94297,0.61017,1.2581,1
0.014625,0.039005,0.36168,1
0.52245,0.2798,1.3638,1
0.55013,0.21185,0.50765,1
0.67169,0.32071,1.4154,1
0.25991,0.24244,-1.9729,1
0.25017,0.6981,1.2349,1
0.41645,0.57566,0.48864,1
0.69101,0.78221,1.9587,1
0.34385,0.90205,-1.4132,1
0.331,0.2139,1.9149,1
0.64351,0.35107,-0.20561,1
0.58805,0.98156,-1.7157,1
0.89482,0.18021,-1.4832,1
0.52043,0.42381,-1.2794,1
0.41651,0.33184,-0.69619,1
0.28535,0.063203,-1.5083,1
0.45134,0.35605,1.9194,1
0.42924,0.88714,1.4785,1
0.59939,0.39211,-0.46838,1
0.45185,0.22034,-1.7644,1
0.19126,0.78926,-0.30882,1
0.013899,0.27516,1.5621,1
0.15254,0.22959,-0.2982,1
0.1827,0.8697,1.2255,1
0.62471,0.30449,1.0815,1
0.99847,0.74916,-1.0443,1
0.69942,0.14695,-1.8757,1
0.076468,0.29336,-0.97802,1
0.15488,0.13046,-1.9749,1
0.99574,0.95646,-0.24713,1
0.73899,0.28198,1.9348,1
0.93497,0.84104,1.7654,1
0.34596,0.28632,0.23199,1
0.14964,0.01001,0.52291,1
0.87908,0.14776,-0.68059,1
0.95909,0.054446,-1.6787,1
0.43656,0.91738,0.31323,1
1.0938,-1.3171,0.51324,2
-1.3988,-0.56778,1.0119,2
-1.0728,-0.92212,0.67989,2
0.78327,-0.75917,0.60737,2
1.9988,-0.52379,0.56438,2
0.33102,-1.2795,0.87218,2
-1.849,-0.90543,1.0172,2
-1.8726,-1.3233,1.0275,2
0.61359,-1.2899,0.79285,2
0.063631,-1.4836,1.4361,2
1.6642,-0.51498,1.1924,2
-1.9215,-1.3675,0.70882,2
-0.65415,-0.59426,0.50258,2
1.313,-1.4753,1.086,2
1.7039,-0.97589,0.76656,2
0.23624,-0.62973,0.54717,2
-0.75492,-1.1401,0.58312,2
-1.5552,-0.94325,1.3612,2
-1.2768,-0.99609,0.66383,2
1.1005,-1.0789,0.7789,2
0.010619,-0.68024,0.82752,2
-1.0005,-0.72769,0.88882,2
-1.9661,-0.66553,0.94551,2
0.40845,-0.67437,1.0604,2
-0.71705,-1.3977,1.3924,2
1.7211,-1.3162,1.2845,2
0.30386,-0.80042,0.81911,2
1.3459,-0.68276,1.0261,2
1.7519,-1.4452,0.61343,2
1.5774,-0.90799,0.8737,2
-0.26613,-0.53069,1.0893,2
0.88622,-1.0691,0.98441,2
-0.85974,-1.006,1.0326,2
1.2839,-1.4392,0.55399,2
-1.9474,-0.50069,1.4261,2
1.2132,-1.1653,0.52957,2
1.6529,-0.53866,0.58315,2
0.25574,-0.56091,1.1238,2
0.89158,-1.2368,1.2236,2
0.062973,-0.89736,0.55612,2
-0.1409,-0.60004,1.2949,2
-0.51379,-1.251,0.98009,2
0.34179,-1.4652,0.8272,2
1.3347,-1.4886,1.2707,2
-1.4865,-0.6175,0.82209,2
-1.7994,-1.4692,0.62639,2
0.41776,-1.0913,1.0605,2
1.3885,-1.2202,0.91953,2
-1.0499,-1.2252,0.66582,2
1.6736,-0.83163,0.80676,2
-1.9152,-1.4415,0.82135,2
-1.3115,-1.3133,0.95189,2
0.32958,-0.65935,0.86851,2
-0.72385,-1.0063,1.4188,2
1.6231,-1.3322,1.1137,2
-1.6993,-0.62357,0.75434,2
0.67026,-0.92151,1.4521,2
1.3336,-0.5231,0.65929,2
1.1984,-0.90309,1.087,2
-0.28358,-1.424,1.0405,2
-1.6628,-1.2778,0.60735,2
-0.46073,-0.81329,0.88169,2
1.2303,-0.85121,0.64601,2
-1.7878,-1.4778,1.0685,2
-0.31844,-1.1099,1.2173,2
-0.81398,-1.2645,1.4984,2
-1.3178,-0.95418,0.92913,2
0.43661,-1.488,1.4878,2
1.7342,-0.96755,1.1531,2
-0.11897,-0.85258,0.9188,2
-0.247,-0.99614,1.1427,2
-0.0075505,-1.0424,0.69876,2
-1.6305,-0.88875,1.35,2
-1.3948,-0.70471,0.52081,2
1.1263,-0.89992,1.3839,2
-0.73807,-0.76772,0.9794,2
0.8013,-0.65535,1.0437,2
-0.896,-0.6869,1.03,2
0.10937,-1.3162,1.3845,2
-1.2534,-1.1052,0.58845,2
1.6966,-0.61327,0.98261,2
0.18895,-0.83033,0.92268,2
-0.70001,-0.56169,0.74963,2
-0.1027,-1.3566,0.94572,2
0.2903,-0.71409,1.3397,2
-0.96452,-0.98481,1.1628,2
1.4044,-0.66948,0.86846,2
-0.88323,-1.4595,1.4722,2
1.005,-0.84385,0.96126,2
-1.6397,-1.433,1.3786,2
1.6087,-0.6315,1.2602,2
1.7033,-0.52763,0.59475,2
-0.61258,-0.61629,0.51608,2
1.1105,-0.72839,1.2284,2
-1.7948,-1.4387,1.2592,2
0.55251,-0.77478,0.75072,2
0.99318,-1.2651,1.0722,2
0.67259,-1.2088,0.99882,2
1.1459,-0.74938,0.7638,2
1.4031,-1.1048,1.4063,2
-0.42938,-1.0762,1.1665,2
-0.021167,-1.4689,1.4624,2
-1.0694,-1.3723,1.4595,2
0.26868,-1.2269,1.4707,2
-1.8974,-1.0859,0.9497,2
-1.181,-0.70781,0.74247,2
1.0328,-1.1182,0.6788,2
-0.13485,-0.56506,1.1856,2
0.72002,-1.4346,0.6213,2
-0.41216,-1.1881,0.73407,2
-1.5446,-0.94919,1.331,2
0.10179,-0.80697,1.0703,2
-1.711,-0.59649,1.1883,2
-1.3714,-1.4428,1.0504,2
-1.7252,-0.60022,1.1494,2
0.46994,-1.2913,0.77467,2
-1.8726,-1.3482,0.91513,2
-0.96675,-0.78438,1.358,2
0.21589,-1.055,0.67134,2
-0.55504,-0.66536,0.63468,2
0.158,-1.3088,0.71576,2
-0.88099,-1.3778,1.0899,2
1.9226,-0.56167,1.0683,2
0.24828,-1.169,0.63281,2
-0.63403,-1.1286,0.80035,2
0.7335,-0.74679,1.0252,2
0.68966,-0.8166,0.64727,2
-1.7172,-1.1474,0.88271,2
1.5109,-0.92921,1.3328,2
1.4088,-1.2915,0.91243,2
0.67475,-1.4567,0.60598,2
-0.97823,-0.80307,0.99493,2
1.1327,-0.55437,1.0545,2
-0.17858,-1.0733,1.4264,2
-0.71396,-0.98545,0.58539,2
-1.6956,-1.2173,0.55863,2
-0.20238,-0.9306,1.3064,2
1.1835,-1.193,0.93721,2
0.38614,-0.59268,0.61263,2
1.8644,-1.0969,0.58544,2
0.84804,-1.0403,1.277,2
-0.88693,-0.91245,1.136,2
-0.68328,-0.762,1.1603,2
-1.9611,-1.238,1.3184,2
0.56838,-1.3368,0.59054,2
1.5224,-1.4086,0.70088,2
0.20948,-0.59515,0.56391,2
-1.1174,-0.78019,0.57084,2
1.8667,-0.86763,0.62153,2
-1.07,-1.0438,0.90441,2
-1.4646,-0.80077,0.6176,2
0.058151,-1.2114,0.79888,2
1.2409,-0.55387,0.79491,2
0.24908,-0.93527,1.1072,2
-0.95793,-1.2483,0.60164,2
1.5473,-1.0492,0.70849,2
1.307,-1.0883,0.98919,2
0.24151,-1.1363,0.97411,2
-1.1464,-0.98528,1.2166,2
-1.3471,-1.3803,0.87634,2
-1.098,-0.94539,1.0247,2
0.67131,-1.2224,1.4859,2
-0.85123,-0.56497,0.72718,2
-1.4027,-1.2144,0.53285,2
-1.9533,-1.3697,0.82723,2
-1.1057,-1.214,0.85681,2
-0.77052,-0.71109,1.3566,2
-1.4239,-0.82016,0.6898,2
0.26357,-1.1857,0.89792,2
-0.225,-1.4839,0.64193,2
0.78508,-0.87283,0.92848,2
1.4242,-1.0797,1.4254,2
1.7089,-1.2982,1.0735,2
0.033447,-0.70427,0.69441,2
-0.39378,-0.94549,1.1929,2
-0.066775,-1.3757,0.92359,2
-1.161,-1.1261,0.8221,2
-0.59054,-0.71067,1.3485,2
0.47557,-0.70394,0.51628,2
1.0971,-0.50119,1.3549,2
-1.8696,-1.3567,0.52144,2
0.020157,-1.2368,1.3863,2
1.5634,-0.66506,0.80797,2
0.90518,-0.54865,0.51211,2
-1.348,-1.3017,0.94922,2
0.47026,-1.1196,1.3629,2
-1.5974,-0.92179,1.4439,2
1.6222,-1.1403,1.2583,2
-1.7628,-1.0477,0.78366,2
0.68928,-1.0532,1.1997,2
-1.506,-0.72667,1.1635,2
1.9358,-1.2302,0.81298,2
1.6879,-1.3257,1.4121,2
0.21235,-1.056,1.012,2
0.92804,-0.90343,1.4919,2
1.3272,-0.82118,1.0305,2
1.6602,-1.4358,1.1301,2
-1.2915,-0.97083,0.7247,2
-1.2221,-0.75137,1.4633,2
1.4074,-0.75702,1.306,2
0.3868,-1.1124,1.1043,2
1.4853,-1.0103,1.3224,2
-0.63586,-1.37,1.0293,2
-1.9333,-0.95029,1.0276,2
-0.9721,-1.0995,1.1475,2
-1.9295,-1.1697,0.93451,2
1.33,-0.78833,1.4577,2
-1.4301,-1.4938,0.75353,2
-1.2294,-0.79484,0.74365,2
0.71133,-0.68085,1.2733,2
-0.73845,-1.234,1.2433,2
1.6173,-1.4871,0.75897,2
0.96238,-0.64755,0.60906,2
1.5299,-0.83276,0.73103,2
1.5723,-1.1608,0.60582,2
-0.012744,-0.50886,0.93146,2
-0.22596,-0.94523,0.90381,2
-0.3945,-0.8516,0.85918,2
1.5974,-1.4106,1.3609,2
-0.43709,-0.9282,0.74619,2
1.7809,-1.4527,1.219,2
-1.8921,-0.52006,0.58702,2
-1.7659,-1.2252,1.0293,2
0.65969,-1.1302,0.62787,2
1.9122,-0.92265,0.77849,2
-1.7676,-0.83501,0.75465,2
-1.5885,-1.4024,0.6833,2
-1.9509,-0.9562,0.51745,2
1.818,-1.1422,1.4843,2
-1.7982,-0.57528,0.89907,2
1.1702,-0.71197,0.82852,2
1.5756,-0.71963,0.85955,2
0.33598,-0.84683,0.58878,2
0.16048,-1.4158,0.803,2
-0.91731,-1.1844,0.59113,2
1.5985,-0.9513,1.2723,2
1.0612,-1.2185,1.1145,2
0.028111,-0.7651,1.3824,2
-0.96434,-1.1171,0.82677,2
0.01886,-0.91964,1.361,2
-0.80385,-1.486,0.58969,2
0.42053,-1.1475,1.1684,2
-1.9298,-1.0248,1.4861,2
0.29405,-1.2771,0.8721,2
0.43286,-0.54076,1.2598,2
-1.7996,-1.1585,1.0726,2
0.016775,-0.90875,0.65237,2
-0.28976,-1.2715,0.63471,2
-0.33472,-1.4504,1.1605,2
-1.6331,-0.93466,1.0252,2
-1.5711,-0.79557,1.3908,2
-0.5684,-0.87055,0.5893,2
1.1419,-0.68234,0.8692,2
-1.7386,-0.81748,0.58346,2
-0.10877,-0.54114,0.77286,2
1.8602,-1.3083,1.0491,2
1.9955,-1.2654,0.85391,2
-0.86473,-1.1652,1.3575,2
0.41098,-1.1212,1.1976,2
0.56742,-1.3444,1.3185,2
-1.6025,-1.2326,0.68501,2
1.9005,-1.2682,0.81218,2
1.483,-1.0685,1.1524,2
0.64369,-1.0349,0.62454,2
-0.74162,-1.1829,1.3673,2
0.48513,-0.78904,0.56685,2
1.0377,-1.327,1.21,2
-1.1914,-0.60702,1.2111,2
0.84585,-1.0363,0.63818,2
-0.26449,-0.55001,1.4743,2
1.3749,-1.4273,0.99468,2
0.21325,-0.63027,0.56196,2
-0.29597,-1.2059,1.1267,2
-1.1333,-0.93129,0.69131,2
0.47597,-1.3034,0.58683,2
-0.30311,-0.51511,0.60502,2
-1.7959,-1.1437,1.1128,2
0.052572,-0.64807,1.3302,2
-0.84648,-0.99201,1.2778,2
1.3643,-0.92734,0.74322,2
0.42816,-1.2103,1.0148,2
-0.32638,-0.52131,0.91439,2
1.8452,-1.4237,1.4714,2
0.13084,-1.1761,1.1828,2
-0.88738,-0.80735,0.95738,2
-0.61605,-1.2015,0.84384,2
-0.27544,-1.0207,0.537,2
0.92195,-1.4402,1.1167,2
1.4261,-0.8579,0.81868,2
0.55753,-1.4342,1.1649,2
0.11355,-0.93022,1.4289,2
-1.1598,-1.2321,0.81168,2
-0.7336,-0.6261,0.71193,2
-0.69642,-0.68321,0.61435,2
-0.13539,-0.98103,1.3716,2
-0.31083,-0.85042,1.4153,2
1.2179,-0.87985,0.53353,2
-1.911,-0.633,1.1209,2
-1.0646,-1.3221,1.37,2
1.3498,-0.57557,0.97301,2
0.67554,-1.116,0.54659,2
0.19721,-0.99401,0.98387,2
0.96127,-1.4242,1.4195,2
-0.033132,-1.1412,0.52793,2
-1.1175,-1.0216,1.1689,2
-0.64131,-1.1955,1.0274,2
-0.87422,-1.1405,0.85165,2
1.7634,-0.92112,0.84797,2
-1.403,-0.87408,0.51111,2
-0.93624,-0.6401,0.81489,2
-0.18725,-1.376,1.0358,2
1.0919,-1.04,0.72491,2
0.75982,-0.7862,1.367,2
1.7921,-1.3289,1.1209,2
-0.93376,-1.3709,1.4698,2
-1.8586,-1.0905,1.2623,2
-1.4439,-0.7401,0.88797,2
-0.57977,-0.60842,0.91801,2
-1.8961,-0.51114,1.1398,2
1.4735,-1.3489,0.9269,2
1.9848,-1.2394,1.2126,2
1.4254,-0.85099,1.2077,2
1.3536,-1.4554,1.2252,2
0.043911,-1.3797,0.97798,2
1.4268,-0.54899,1.2786,2
0.032269,-0.58707,1.4859,2
-0.44215,-0.69305,0.90922,2
1.2677,-1.2082,1.0823,2
-0.47745,-0.65468,0.8684,2
0.17784,-1.4141,1.2587,2
-1.6189,-1.0323,0.66653,2
0.13258,-0.63094,1.0735,2
0.41417,-1.0236,0.64951,2
-0.74937,-0.576,1.2127,2
1.0148,-1.0839,0.9136,2
0.28227,-1.3052,0.95102,2
-0.069356,-0.97724,0.93492,2
0.23519,-0.93338,1.4293,2
-0.057059,-1.0867,1.4759,2
1.2034,-1.2936,0.67835,2
0.13348,-0.8356,0.67221,2
0.40707,-0.57438,0.76155,2
-0.99651,-0.95709,0.97337,2
-0.83571,-0.8811,1.4991,2
1.9254,-1.1541,0.96213,2
-1.5142,-1.1063,1.1377,2
1.7073,-1.3158,1.4712,2
0.43293,-0.92577,0.92244,2
-0.38486,-1.2567,1.454,2
0.041362,-0.71891,0.52674,2
-0.37502,-0.85957,0.56016,2
-1.7539,-1.1873,1.168,2
1.0792,-0.83446,0.98338,2
0.074351,-1.335,0.86777,2
-0.99328,-0.568,0.97141,2
1.9623,-1.2583,0.60281,2
1.2416,-0.85127,1.2279,2
-0.57386,-1.1206,1.1841,2
-0.35206,-1.4787,1.3923,2
1.0897,-0.50136,1.2154,2
1.0658,-0.81302,0.64766,2
-0.97431,-0.6232,1.1343,2
0.37306,-1.0805,1.0436,2
1.0728,-1.0676,1.2338,2
0.20581,-0.7736,0.53186,2
-0.37901,-0.75089,0.72953,2
1.9225,-1.087,1.2112,2
-0.63205,-0.58257,0.81023,2
-1.7774,-0.80103,1.354,2
0.17511,-0.82059,1.4539,2
1.7558,-0.72018,1.3949,2
0.55839,-0.53445,0.90966,2
1.9285,-0.93408,1.1408,2
1.9645,-1.2774,1.4741,2
0.63736,-0.65216,0.8605,2
1.9797,-1.0793,1.1442,2
0.15003,-1.0594,1.1129,2
0.74138,-1.3994,1.2492,2
-0.22862,-1.2138,1.0966,2
1.4759,-0.95765,0.64346,2
1.469,-0.89157,0.53407,2
-0.15666,-1.2535,0.73475,2
1.6403,-0.74232,0.89851,2
-0.099226,-0.88865,0.86261,2
-0.34286,-1.0948,0.7724,2
0.78793,-1.3242,0.81307,2
0.59919,-1.2623,0.75251,2
-1.401,-0.80322,1.0146,2
0.28023,-0.85031,1.096,2
-1.2124,-1.1138,0.96787,2
-0.54697,-0.70556,0.84405,2
-1.9529,-1.3007,0.76348,2
-0.62466,-1.2232,1.3944,2
0.88128,-1.2935,0.92144,2
1.8468,-0.55721,1.3211,2
-0.22858,-0.64721,1.1677,2
-1.8967,-1.1955,0.78063,2
0.046163,-0.76175,1.0096,2
0.57886,-1.0854,0.85245,2
0.30583,-0.66002,0.66556,2
1.6097,-0.6709,1.0167,2
-1.3408,-1.01,1.2114,2
-0.3429,-0.71751,0.81456,2
1.1346,-1.2619,1.1932,2
-0.63502,-0.98553,1.2698,2
1.9714,-0.78269,0.51815,2
0.7593,-0.83759,0.86218,2
-0.0016575,-0.53077,0.50511,2
0.84292,-1.1126,1.0734,2
0.43267,-0.60829,0.7468,2
0.80606,-0.50437,0.63798,2
1.8136,-0.67805,1.4852,2
1.4294,-0.5667,1.2292,2
-0.35807,-0.83751,1.372,2
-0.22933,-0.78857,1.3029,2
-0.76946,-1.4348,1.2062,2
1.7403,-0.84057,1.4096,2
0.49006,-0.69045,0.64476,2
-1.3106,-1.4479,0.84946,2
0.055653,-1.169,0.50029,2
-1.6414,-0.59947,1.1503,2
-1.5542,-0.69576,0.97948,2
-0.64026,-1.376,1.3706,2
1.3403,-1.34,1.2186,2
-1.7348,-0.76854,0.95698,2
1.1285,-0.869,0.75876,2
-0.65018,-0.5864,0.71411,2
1.7119,-0.52363,0.59108,2
-1.0086,-1.2373,0.68636,2
0.46145,-1.1262,0.5474,2
-1.9445,-1.391,0.594,2
1.0649,-1.1405,1.451,2
-1.7456,-1.1543,0.87235,2
1.1179,-1.2425,0.82287,2
1.1573,-0.58039,0.97764,2
1.0709,-1.1192,0.74464,2
0.35682,-0.68698,0.56184,2
0.61694,-1.266,0.60098,2
-1.9974,-1.3926,1.3305,2
1.8925,-0.85309,1.1562,2
1.5904,-0.65104,1.2988,2
0.87474,-1.4332,1.4026,2
1.8515,-1.4144,1.3464,2
-1.2755,-0.78151,0.99772,2
1.5636,-0.56667,1.3196,2
-0.31237,-0.91781,0.99144,2
0.020419,-1.4223,1.4816,2
1.2033,-1.3916,0.68369,2
-1.1303,-0.83177,0.52028,2
0.49412,-0.63732,0.58051,2
1.0773,-1.1439,0.66271,2
-0.76924,-1.3201,1.4963,2
-1.2443,-0.58842,1.2807,2
-0.63185,-0.93005,1.4168,2
-0.16585,-0.55511,1.0907,2
-1.4135,-0.79783,0.63126,2
-0.28801,-1.2102,1.3163,2
-1.1608,-1.2969,1.2145,2
-0.55935,-0.87099,1.2465,2
-1.7258,-1.3263,0.55684,2
-1.6413,-0.78311,0.51961,2
0.86175,-1.1672,0.58895,2
0.22947,-1.4857,1.4315,2
-1.3215,-0.89517,0.75539,2
-1.0766,-1.1951,0.8369,2
0.29971,-1.3243,0.77647,2
-0.12742,-0.57416,1.0049,2
-1.3926,-0.95516,1.2118,2
-1.461,-1.3268,1.2995,2
1.3715,-1.158,1.1852,2
-0.60859,-0.7228,1.1105,2
0.70384,-1.3539,0.93229,2
-0.99834,-1.0041,1.4104,2
0.49838,-1.1383,0.94073,2
-1.6056,-1.4357,0.8196,2
-1.619,-1.104,0.72873,2
0.84688,-1.2523,0.9902,2
0.54694,-0.5464,1.1046,2
1.126,-1.1967,0.55705,2
-0.71201,-0.84121,0.67948,2
-0.1446,-1.0905,0.62948,2
0.1483,-0.62295,0.66817,2
-0.10329,-0.77907,1.4539,2
-0.32569,-1.374,0.6404,2
-1.5766,-0.75084,1.1161,2
1.6019,-0.65773,1.492,2
-0.84538,-1.0785,0.86397,2
0.30734,-0.60714,0.54658,2
0.0026891,-0.59679,0.71306,2
1.9169,-1.1351,1.2189,2
1.885,-1.3494,0.95462,2
1.9345,-1.1486,0.96147,2
-1.874,-0.54048,1.2643,2
1.7292,-0.93753,1.1679,2
1.3544,-0.97341,1.407,2
0.28473,-0.68161,0.56587,2
1.3146,-1.3749,1.3805,2
1.9673,-1.2038,1.1561,2
1.8686,-0.64851,1.2083,2
1.6768,-0.53234,0.86044,2
-1.0209,-0.79255,-0.63803,3
-0.87159,-1.0135,-0.70596,3
-1.4333,1.1098,-0.93565,3
-0.88405,1.0101,-0.5721,3
-1.0553,-0.57297,-0.54942,3
-1.3654,-0.65512,-0.13949,3
-1.2514,-1.5536,-0.54649,3
-0.83006,-1.8995,-0.28595,3
-0.639,1.4734,-0.34211,3
-0.99446,0.71026,-0.65477,3
-0.63689,0.8255,-0.13765,3
-0.71551,1.3023,-0.49655,3
-0.70432,-0.10273,-0.89769,3
-0.99021,-1.8267,-0.15853,3
-1.3853,-0.18101,-0.097702,3
-0.81107,-0.12678,-0.90418,3
-0.77963,1.2728,-0.3778,3
-0.55015,0.3253,-0.23194,3
-1.0908,-0.42971,-0.0015721,3
-0.50446,-1.3259,-0.51586,3
-0.72783,1.1648,-0.91894,3
-1.485,0.40001,-0.67792,3
-0.68058,1.2855,-0.19585,3
-0.62943,1.6043,-0.94018,3
-1.0554,1.3101,-0.8488,3
-1.4601,1.27,-0.26688,3
-0.85664,-1.5619,-0.84799,3
-0.81293,0.45019,-0.82782,3
-1.4141,-0.12796,-0.27711,3
-0.74782,-1.9796,-0.29669,3
-0.8841,-0.4287,-0.012239,3
-0.91228,-1.0428,-0.17095,3
-0.6047,0.75696,-0.2925,3
-1.0919,0.91824,-0.93726,3
-0.84152,0.98754,-0.64493,3
-0.999,-1.2098,-0.24249,3
-0.50146,-1.8075,-0.71154,3
-1.2535,-0.71952,-0.20671,3
-1.2377,-1.5615,-0.39487,3
-1.199,-0.11159,-0.42803,3
-0.96848,1.1983,-0.78709,3
-0.91067,0.81467,-0.9476,3
-1.004,0.12319,-0.64738,3
-0.65673,-0.21337,-0.29788,3
-0.72822,1.2088,-0.14796,3
-0.73676,1.3767,-0.35645,3
-0.72019,1.0657,-0.4897,3
-0.65269,-1.776,-0.15596,3
-0.92342,0.65648,-0.12909,3
-1.3089,-0.18822,-0.044548,3
-1.3329,0.39742,-0.2324,3
-0.88894,-0.40413,-0.80892,3
-1.1376,-0.24631,-0.6838,3
-0.89976,0.79473,-0.91181,3
-0.7637,0.8433,-0.66446,3
-0.52422,0.019732,-0.45198,3
-0.71515,-1.3302,-0.81054,3
-1.333,-1.1941,-0.28069,3
-0.52976,1.1834,-0.093953,3
-1.3918,-0.87504,-0.34898,3
-1.0202,-0.99859,-0.15343,3
-1.2661,-0.19207,-0.79628,3
-1.2831,0.85471,-0.36976,3
-0.92814,1.677,-0.72518,3
-0.62229,-1.4663,-0.81145,3
-1.3474,-0.51101,-0.57495,3
-0.87947,0.48746,-0.31758,3
-0.67589,0.29241,-0.28372,3
-1.173,1.9447,-0.8471,3
-0.56583,1.981,-0.59785,3
-0.75871,-1.8381,-0.16533,3
-0.56769,1.4581,-0.11843,3
-0.87655,0.15699,-0.676,3
-1.4142,1.9993,-0.81065,3
-0.7629,1.2202,-0.71549,3
-0.8529,-1.294,-0.41835,3
-1.1274,-0.9698,-0.74713,3
-1.2805,-0.6669,-0.41549,3
-0.74898,0.65134,-0.01298,3
-1.2318,-1.7026,-0.19618,3
-0.58694,0.067235,-0.74168,3
-1.2608,1.3534,-0.80353,3
-0.86303,-0.81217,-0.45034,3
-0.7925,-1.4173,-0.62129,3
-0.94077,0.91659,-0.72129,3
-1.2387,-0.78987,-0.80112,3
-0.52786,0.22663,-0.73354,3
-1.067,-0.37326,-0.74275,3
-1.4545,-0.79202,-0.87803,3
-1.4311,-1.7143,-0.5493,3
-1.1353,1.5842,-0.32163,3
-1.412,-1.7316,-0.76896,3
-1.3812,0.27173,-0.65668,3
-1.1325,1.1072,-0.75776,3
-0.76664,0.32335,-0.74796,3
-1.2356,0.12917,-0.7291,3
-1.1066,1.5196,-0.54965,3
-0.88025,-1.8281,-0.93623,3
-0.53663,1.3683,-0.93595,3
-0.72428,0.45451,-0.46869,3
-0.56011,-1.2143,-0.89034,3
-0.96816,0.33598,-0.69677,3
-1.2059,1.249,-0.83478,3
-1.0251,-1.7219,-0.49426,3
-0.63039,0.60371,-0.95548,3
-1.1163,1.5509,-0.37144,3
-0.65047,-0.17154,-0.98239,3
-0.62357,1.6381,-0.45095,3
-1.1403,0.58297,-0.68871,3
-0.54067,-1.7548,-0.72182,3
-1.0833,0.99545,-0.1533,3
-0.70469,0.32038,-0.72251,3
-0.83411,1.6839,-0.19837,3
-0.53004,0.72707,-0.068025,3
-1.2787,1.3454,-0.021886,3
-1.3067,0.58425,-0.77942,3
-0.63488,-0.79998,-0.27907,3
-0.92963,-0.69828,-0.95382,3
-0.5034,0.15574,-0.96525,3
-0.8262,0.74312,-0.63078,3
-1.356,-0.064318,-0.0844,3
-1.4947,1.5117,-0.19447,3
-0.66774,0.85724,-0.44915,3
-0.68417,1.3238,-0.29603,3
-1.4332,-1.9463,-0.18001,3
-0.57118,1.0254,-0.59332,3
-0.97033,1.4773,-0.38963,3
-1.2996,-0.67108,-0.80586,3
-1.1878,-0.41445,-0.86738,3
-0.87105,-1.117,-0.91801,3
-0.93721,1.2488,-0.81341,3
-1.4273,1.5396,-0.20106,3
-0.67974,-1.5833,-0.16752,3
-0.59308,-1.8258,-0.52424,3
-0.54651,-1.86,-0.23394,3
-1.1437,0.50171,-0.6948,3
-0.59384,0.80574,-0.51534,3
-1.0829,0.20196,-0.51897,3
-1.3806,1.508,-0.76183,3
-1.1016,-1.8278,-0.36342,3
-1.3563,-0.80433,-0.45979,3
-1.1533,-1.7545,-0.54972,3
-0.64905,-0.2423,-0.67754,3
-1.0975,-0.82964,-0.94876,3
-0.63964,1.3159,-0.76288,3
-1.1333,1.2655,-0.49295,3
-0.74675,-0.81046,-0.65542,3
-0.77953,1.674,-0.76667,3
-1.3991,-1.0199,-0.20221,3
-0.56282,-0.048611,-0.40842,3
-0.69463,-0.99764,-0.80273,3
-0.6405,0.64531,-0.70801,3
-0.82257,0.60136,-0.91838,3
-0.81787,0.83586,-0.39636,3
-1.4922,-1.8694,-0.65854,3
-1.4636,0.40826,-0.80248,3
-0.50172,1.0609,-0.01744,3
-1.1394,1.7937,-0.049874,3
-0.63124,0.020427,-0.93406,3
-1.3714,-1.7281,-0.10881,3
-1.4154,0.33026,-0.66944,3
-1.1239,-1.6602,-0.89239,3
-1.4093,1.6929,-0.57168,3
-1.133,-1.6882,-0.55171,3
-1.2457,1.4755,-0.53765,3
-0.91175,-0.44298,-0.59186,3
-0.68071,0.7497,-0.37715,3
-0.69888,-0.22437,-0.20957,3
-0.85673,-1.3556,-0.13831,3
-0.80032,1.5366,-0.42943,3
-0.9696,0.28872,-0.84601,3
-1.1702,-1.826,-0.18362,3
-0.87826,-1.2257,-0.92618,3
-0.80423,-0.03768,-0.25219,3
-0.73232,1.7482,-0.91789,3
-0.51787,1.9445,-0.94007,3
-0.87284,0.83327,-0.95191,3
-0.56023,-0.31459,-0.23417,3
-0.82387,1.5307,-0.63189,3
-1.1151,-0.16979,-0.76194,3
-0.80881,-0.40606,-0.43554,3
-0.88812,0.2885,-0.68721,3
-1.4378,-0.37232,-0.060586,3
-1.1701,0.60564,-0.31327,3
-0.95688,-1.4508,-0.74912,3
-1.4536,1.1052,-0.6369,3
-0.79202,0.56608,-0.18433,3
-1.2611,1.8608,-0.9406,3
-0.96771,0.9982,-0.58942,3
-0.88608,0.52319,-0.649,3
-1.0712,-0.17781,-0.073588,3
-1.4364,0.030283,-0.22872,3
-0.70003,-1.0575,-0.37029,3
-1.0762,-0.75731,-0.30338,3
-0.9242,1.1674,-0.79,3
-0.61625,-0.11157,-0.50442,3
-1.1293,-0.81438,-0.3545,3
-1.0757,1.7527,-0.93273,3
-0.70024,-0.22387,-0.053452,3
-1.3221,0.79015,-0.61137,3
-0.69703,0.37394,-0.23992,3
-1.2134,-1.3059,-0.38043,3
-0.55029,1.1558,-0.37664,3
-1.3271,0.26614,-0.18925,3
-1.4326,0.71179,-0.13738,3
-0.67206,0.21818,-0.25126,3
-1.0437,1.1275,-0.18157,3
-1.3662,-0.34572,-0.75311,3
-0.70384,0.27499,-0.255,3
-1.2514,1.4243,-0.58395,3
-0.52606,-1.469,-0.99665,3
-1.4107,-0.36723,-0.77128,3
-0.98205,1.7907,-0.18338,3
-0.73842,-1.6287,-0.63825,3
-0.69908,1.9612,-0.92285,3
-0.50983,-1.2985,-0.26573,3
-0.61764,1.0795,-0.3836,3
-1.4784,-1.1551,-0.2127,3
-1.2327,1.2635,-0.26339,3
-0.63344,1.8929,-0.015003,3
-1.3803,1.6967,-0.58793,3
-0.81591,1.2841,-0.89315,3
-1.0919,1.0051,-0.44709,3
-0.83926,1.2088,-0.11364,3
-0.88626,0.037661,-0.84286,3
-0.83899,-1.5827,-0.78287,3
-0.73434,-1.8962,-0.98697,3
-0.85625,1.6819,-0.78592,3
-1.3461,0.77416,-0.35138,3
-0.74016,-0.1386,-0.65004,3
-0.92416,-0.99502,-0.7314,3
-0.99877,-0.78334,-0.00978,3
-1.1082,-1.2147,-0.090667,3
-0.5873,0.72274,-0.69144,3
-1.1823,-0.85588,-0.056109,3
-1.0443,-1.1359,-0.28564,3
-1.4266,0.60089,-0.62055,3
-0.93416,1.5512,-0.083778,3
-0.91012,-1.0907,-0.44902,3
-1.2069,1.2019,-0.73583,3
-1.3081,-1.935,-0.97342,3
-0.9061,1.4301,-0.87593,3
-1.493,-1.0502,-0.72291,3
-0.62717,-1.2949,-0.10252,3
-1.4401,1.2809,-0.23031,3
-0.90166,-0.82929,-0.89743,3
-1.3983,0.48717,-0.21965,3
-1.098,-1.3985,-0.70074,3
-1.3595,1.3796,-0.96224,3
-0.65642,-0.30704,-0.22786,3
-1.2901,1.4009,-0.14083,3
-0.58294,-1.9225,-0.39519,3
-1.0997,0.19627,-0.5049,3
-1.0765,0.51561,-0.95661,3
-1.2469,0.17649,-0.030175,3
-1.3503,-0.71018,-0.075578,3
-0.62034,-1.7211,-0.20426,3
-1.1274,1.579,-0.40096,3
-0.74718,-1.3662,-0.3136,3
-1.0149,-1.254,-0.58155,3
-1.106,1.8227,-0.63039,3
-1.188,1.5222,-0.42714,3
-0.89463,0.35416,-0.17956,3
-1.1678,-1.6922,-0.74895,3
-0.57809,-0.98122,-0.061821,3
-1.1946,-0.91383,-0.89907,3
-1.016,-0.12097,-0.94939,3
-1.0579,0.7916,-0.45266,3
-0.58106,0.96782,-0.45355,3
-0.87556,1.1133,-0.52877,3
-1.1378,0.44444,-0.81557,3
-1.3218,-0.72818,-0.58917,3
-0.63653,-0.22853,-0.060859,3
-1.1678,1.355,-0.071031,3
-1.4216,-1.6769,-0.10601,3
-1.3299,-1.9054,-0.90829,3
-1.0684,1.9587,-0.64609,3
-0.84737,-1.6611,-0.51576,3
-0.99638,-0.51655,-0.18211,3
-1.0623,-1.6794,-0.41234,3
-1.1349,1.0401,-0.49163,3
-1.2917,-1.1447,-0.37238,3
-0.84344,-0.57579,-0.88616,3
-1.1652,-0.15354,-0.45853,3
-0.75711,0.8482,-0.71279,3
-0.55298,-0.53002,-0.21733,3
-1.2835,0.76861,-0.68393,3
-0.74593,-1.9474,-0.60484,3
-0.767,-1.7831,-0.16895,3
-0.93735,0.28623,-0.7174,3
-1.4633,-0.57501,-0.81712,3
-1.1368,0.16423,-0.70007,3
-1.2461,0.48824,-0.42005,3
-1.1163,0.82051,-0.2425,3
-1.3006,1.3471,-0.051882,3
-1.3227,1.1614,-0.37986,3
-1.3321,-0.77172,-0.14906,3
-1.254,-1.809,-0.88458,3
-1.496,-1.533,-0.73451,3
-1.1092,-0.63274,-0.52651,3
-1.1037,-0.98245,-0.62189,3
-1.0255,-0.41609,-0.062255,3
-0.89503,-0.49966,-0.99872,3
-1.2916,0.92064,-0.38037,3
-0.83282,-1.0696,-0.78802,3
-1.2977,-1.7347,-0.52757,3
-0.62951,0.12164,-0.75016,3
-1.1804,-1.4277,-0.2941,3
-1.4951,0.22749,-0.37197,3
-1.1559,-1.3718,-0.53822,3
-0.97532,-0.30432,-0.64819,3
-1.0135,-0.63704,-0.25999,3
-1.0921,1.5906,-0.63571,3
-1.0485,-1.4624,-0.66844,3
-0.81,-1.7662,-0.50828,3
-0.88823,1.7707,-0.7749,3
-0.9385,1.7172,-0.2445,3
-0.92048,-0.31057,-0.29655,3
-0.78603,-0.89463,-0.66742,3
-1.1983,-0.084252,-0.35292,3
-0.54166,0.99926,-0.57006,3
-0.81396,-0.60739,-0.0097137,3
-1.4252,-0.22802,-0.26581,3
-1.3368,1.1081,-0.28366,3
-1.3276,-0.47937,-0.86407,3
-0.58286,0.34766,-0.29087,3
-0.58577,1.0167,-0.17835,3
-0.80017,1.8926,-0.56782,3
-1.4503,1.9725,-0.56813,3
-1.3451,1.5201,-0.32273,3
-1.0507,-0.93218,-0.58849,3
-1.1518,-1.7476,-0.96984,3
-1.2901,0.10872,-0.5103,3
-1.0607,-0.69547,-0.19864,3
-0.8746,1.1518,-0.91593,3
-0.56499,-0.77742,-0.7354,3
-1.01,0.20699,-0.11884,3
-1.1682,1.4912,-0.79323,3
-0.93024,-0.065507,-0.26218,3
-1.1445,0.60012,-0.069344,3
-0.90875,-0.45567,-0.19126,3
-0.93218,1.3122,-0.65784,3
-1.4465,1.4118,-0.63953,3
-0.64539,1.0133,-0.9735,3
-0.72251,0.48885,-0.85585,3
-1.0257,-1.1106,-0.20935,3
-1.0716,-0.90381,-0.5926,3
-1.2561,-0.51667,-0.53565,3
-0.58376,0.75825,-0.5134,3
-1.4878,-0.13702,-0.27332,3
-0.97727,0.012412,-0.79037,3
-0.98331,0.15619,-0.44722,3
-1.3064,-1.3634,-0.028311,3
-0.82214,1.3569,-0.3779,3
-0.58172,-0.96618,-0.69231,3
-1.3978,0.69705,-0.81694,3
-0.66792,0.91966,-0.28601,3
-1.4923,-1.3319,-0.71188,3
-1.1123,-1.499,-0.92994,3
-1.3334,0.13321,-0.34806,3
-0.80175,1.4651,-0.61558,3
-0.79062,1.9154,-0.81237,3
-0.59757,-0.50722,-0.61736,3
-1.3575,-0.021865,-0.4665,3
-1.0305,1.1942,-0.029713,3
-0.92536,-1.4155,-0.48003,3
-1.3024,-0.81776,-0.19735,3
-1.2405,1.1997,-0.5678,3
-0.8103,-0.44307,-0.54573,3
-0.96522,0.30076,-0.38148,3
-1.2956,1.4229,-0.6946,3
-0.94946,-0.3327,-0.76126,3
-0.57267,1.8935,-0.49921,3
-0.86993,-1.7357,-0.91988,3
-1.2195,0.070996,-0.81269,3
-0.61521,0.97722,-0.025422,3
-0.98584,0.28558,-0.97396,3
-0.71866,0.40535,-0.20526,3
-0.62223,0.55339,-0.60181,3
-1.0931,0.23023,-0.63242,3
-1.3316,1.4655,-0.38387,3
-0.64484,-0.66924,-0.04662,3
-1.2521,-0.8881,-0.44456,3
-1.0623,-1.8164,-0.0069852,3
-0.53679,0.70247,-0.53099,3
-1.2435,0.39435,-0.95172,3
-1.4867,1.6719,-0.66777,3
-0.87144,0.15635,-0.85761,3
-1.4596,-0.37558,-0.4614,3
-0.72401,-1.1611,-0.45091,3
-1.0774,1.2296,-0.11386,3
-0.87564,0.25033,-0.84894,3
-0.66004,-1.7027,-0.9558,3
-0.65335,-1.9117,-0.79469,3
-0.81249,1.9755,-0.13771,3
-0.77614,-0.63015,-0.50564,3
-1.4572,-1.9572,-0.0028799,3
-1.1859,0.83115,-0.19346,3
-0.88088,-1.9914,-0.17593,3
-1.3934,1.6415,-0.19118,3
-0.88308,1.6011,-0.38779,3
-1.0201,0.47484,-0.14844,3
-0.74635,0.1895,-0.13966,3
-1.1624,-0.93845,-0.65069,3
-0.85913,0.20323,-0.43612,3
-1.1656,0.26266,-0.98673,3
-0.96481,1.8785,-0.08085,3
-0.82052,-1.2516,-0.76551,3
-1.1676,1.5511,-0.15066,3
-1.1531,-0.66337,-0.74097,3
-1.1443,-0.55949,-0.49377,3
-0.87474,-1.0578,-0.48265,3
-0.77834,1.0152,-0.19779,3
-0.94342,1.7647,-0.28208,3
-0.87279,-1.8985,-0.14659,3
-0.8902,0.088933,-0.75352,3
-0.66462,1.4093,-0.71671,3
-0.96188,1.5512,-0.070199,3
-0.84529,-1.579,-0.93418,3
-1.4501,-1.1742,-0.95554,3
-0.6733,-0.59661,-0.007113,3
-0.88777,0.7742,-0.15338,3
-0.64023,-1.2942,-0.75057,3
-1.4157,-1.699,-0.40213,3
-0.73537,0.5658,-0.69779,3
-1.3213,0.87807,-0.30156,3
-1.3638,-1.311,-0.065621,3
-1.3941,-0.07153,-0.35137,3
-1.3651,1.9509,-0.049651,3
-0.6056,-0.64602,-0.33764,3
-0.93924,-1.2659,-0.36451,3
-1.1809,0.53829,-0.18764,3
-1.1061,0.61161,-0.49351,3
-0.95778,-1.5539,-0.80869,3
-1.3789,-1.3993,-0.80011,3
-0.61308,-0.30367,-0.64928,3
-1.36,-1.2761,-0.70287,3
-1.2649,-0.28784,-0.10321,3
-1.2143,-1.1178,-0.48386,3
-1.1107,-0.094964,-0.7103,3
-0.81179,0.73539,-0.67248,3
-1.2009,-0.35609,-0.94872,3
-0.86293,0.092883,-0.66766,3
-0.98496,-0.082149,-0.98926,3
-0.95387,-0.85405,-0.56338,3
-0.86041,0.83746,-0.45113,3
-0.56286,-0.95243,-0.44371,3
-0.76261,-0.9365,-0.036639,3
-0.54092,1.0969,-0.41493,3
-0.97529,-0.85386,-0.15309,3
-1.2514,-1.6975,-0.65575,3
-0.85189,-1.9583,-0.76804,3
-1.4862,-0.24888,-0.37846,3
-0.95983,1.4162,-0.0056782,3
-1.164,-1.3629,-0.23711,3
-1.2807,-0.31986,-0.50451,3
-1.0469,0.81835,-0.65898,3
-1.3511,1.4543,-0.050264,3
-1.4788,0.88286,-0.867,3
-1.1843,-0.75301,-0.96414,3
-1.063,1.2569,-0.047676,3
-1.3762,-0.20889,-0.40407,3
-1.2867,-1.2821,-0.60952,3
-1.4297,0.41033,-0.84476,3
-0.98461,1.7414,-0.077982,3
-0.87934,0.10398,-0.75665,3
-0.586,-1.8702,-0.87,3
-0.57468,1.524,-0.94256,3
-0.91872,0.49342,-0.12858,3
-1.2089,1.6461,-0.30711,3
-1.2359,-0.51158,-0.44294,3
-1.3111,1.3228,-0.61821,3
-1.2661,-1.2056,-0.64758,3
-0.78272,0.58131,-0.97105,3
-0.5436,-1.2985,-0.41876,3
-0.68815,-0.1929,-0.16734,3
-1.1947,1.1332,-0.5715,3
-1.2061,-1.3838,-0.94404,3
-1.0353,-0.43824,-0.36347,3
-0.89753,-1.4688,-0.13948,3
-1.0221,0.48655,-0.34487,3
-0.53568,-1.0789,-0.18191,3
-1.217,0.079724,-0.51454,3
-0.89959,-0.45878,-0.29248,3
-0.90665,-0.018768,-0.6434,3
-1.2222,-0.099837,-0.45471,3
-0.81505,-0.46296,-0.69725,3
-1.4604,-0.75778,-0.051247,3
-1.1492,-0.013996,-0.97035,3
-1.2256,-0.86249,-0.52075,3
-1.1485,-1.6979,-0.013428,3
-0.94964,0.25854,-0.01644,3
-0.62107,-1.6439,-0.020084,3
-1.1882,-1.9157,-0.26586,3
-1.42,0.068468,-0.79077,3
-0.78019,-0.4576,-0.65351,3
-1.0672,1.3628,-0.41083,3
-1.064,-1.8069,-0.56466,3
-0.77119,1.0663,-0.28395,3
-1.2504,1.2465,-0.61375,3
